Gene,Importance
ROPN1,0.016546420362400914
AGR3,0.014730638845622672
LOC145837,0.011863825194138724
VGLL1,0.011011020675738328
WNT6,0.010714987367360118
GABRP,0.010713135931456452
SCN2B,0.00948021566041942
ROPN1B,0.009403435004010812
TTC36,0.009187115740718503
TFF3,0.008508108578309387
CHODL,0.008151288862218813
C2orf40,0.00790268121708239
ABCC8,0.007434482940973562
TSLP,0.007298938943843882
CYP2B7P1,0.006948186093206723
HORMAD1,0.006627102574322164
SOX10,0.006608048381910936
PPP1R14C,0.006527996584719762
MIA,0.006223604688859515
CT62,0.006193965440998067
LOC100130148,0.006028404653933181
SMYD1,0.005603370877479683
GP2,0.005602905595385426
ELF5,0.0054050953958102756
ZBTB16,0.005388928748245381
TEX19,0.005370888497550421
ABCA8,0.005293201151773832
CST9,0.005268535408398004
GLRA4,0.005257197274055813
MAG,0.005169671678134155
LRRC3B,0.005098561574020909
TPSG1,0.005095668146525524
NCRNA00092,0.005081919688041982
KRT5,0.005029333775646516
MAPK4,0.004984784760583185
FXYD1,0.004904312637757701
FZD9,0.004818576500576984
GRIA4,0.004729329805693777
CXorf61,0.004575742901435271
KCNE1,0.004268836976427334
NXNL2,0.004156103931501951
LOC284578,0.004155259978889431
A2ML1,0.004107917494676169
CDH22,0.004069324352087996
SYN2,0.004015499221513914
UGT8,0.004006240026907599
FERMT1,0.003918888888350215
C1orf64,0.00387209283547481
ONECUT2,0.00377683412676606
SLC6A14,0.0037159556460612934
TFF1,0.0036752115247944833
NEFL,0.003620221303899626
LEMD1,0.0036055690690309887
SYTL5,0.003515030022291463
RERGL,0.003485636192089272
CLDN19,0.003452709105267838
OCA2,0.003407737082356229
NEK10,0.0033875683119399215
C10orf90,0.003384297337397513
C18orf34,0.0033698390147453967
ART3,0.003336429810843535
RGS22,0.003321444473153499
FAM19A3,0.0032922055832759894
GDF5,0.003290728139779831
SMC1B,0.003278337720419151
FIGF,0.003237717083804727
FGF10,0.003227775587888897
GRIK1,0.0031304338508500434
KLK5,0.0031133186953215502
OLAH,0.003092180234829057
AMY1A,0.0030535758832905147
ABCC11,0.0029819379906454047
CXCL5,0.0029653696252301843
STAC2,0.0029473911034175997
CD300LG,0.002925944499033977
CYP4Z2P,0.002906283679480824
CXCL3,0.002887728724617509
KRT14,0.0028687388819835253
PEBP4,0.0028397910551811747
MESTIT1,0.0028183800206258184
KLK7,0.002784448985832192
KRT16,0.0027735548304994636
DLK2,0.002773184022161818
PLCXD3,0.0027348686295299053
SCARA5,0.002724909954770007
C6orf15,0.0026840837422643037
PGLYRP2,0.002663754597820026
FGFBP1,0.002619879013087954
SERPINB5,0.0025898087658353607
KLK6,0.002563088336772207
SPHKAP,0.0025227359994009673
PRSS12,0.002442644239430085
PROM1,0.002424849544843098
ATP1A2,0.002378175268953296
LOC284276,0.002359511952394399
TMEM132C,0.0023581822666545694
ACE2,0.0023402520107574268
SYT9,0.0023323053048895253
TEPP,0.002294033806024484
ANKRD30A,0.002272079565955192
MAP1LC3C,0.0022506633351849574
ANXA8L2,0.0022317876143187975
MAGEB4,0.0022192779484902286
SLC6A2,0.002206002551635684
NCRNA00110,0.0021771778253390586
IGFALS,0.0021476087395528097
DNAH9,0.0021449220375658155
C11orf86,0.0021425370323192253
TAC1,0.0021401572090865486
SCN7A,0.002122186035252486
TRH,0.0021078496280713126
LOC100128977,0.0021032255634908775
RASGEF1C,0.002082098651071459
DSC3,0.0020743501140372085
KCNJ16,0.0020394933833993165
FABP7,0.002036149821842604
C2orf48,0.0020327704436191103
SLC16A12,0.0020197538623055312
RNASE7,0.002017670813579076
CXCR2P1,0.0020005845359809364
KLK8,0.0019745152424356484
LOC389033,0.0019021899643568239
RNF186,0.0018949718397350873
IL22RA2,0.0018935504126606155
CHST9,0.0018879945435726613
C1orf173,0.0018671485990801235
KCNS1,0.0018513870946646105
TMEM215,0.0018438814364123445
FLJ45983,0.0018368763692031456
ZP2,0.0018347394173926842
CXorf49B,0.0018019574749346759
NRG2,0.001789986576433346
RELN,0.0017635530970412205
NEFM,0.0017592305814711799
TTC22,0.001743230571948899
LEFTY2,0.0017424634783933632
CA3,0.0016957280644652821
KY,0.001695258909591318
C5orf27,0.001684322776702724
TFAP2B,0.0016673561558098184
CLDN10,0.0016645175254842023
C2orf54,0.0016617926954900378
TAT,0.0016530317495550512
POU4F1,0.0016443508821478864
GRPR,0.001630393657738414
IGDCC3,0.001622968302776269
CLCA4,0.0016213714324613212
DUSP9,0.0016112118775875235
GAL,0.0016071205569469405
SERPINA11,0.0016061040471206656
LOC150622,0.001603504123057904
BPIL1,0.0015996733073259195
FAM57B,0.001599306770659754
ATP13A5,0.0015845259613400115
SCGB1D2,0.0015757563124257315
C1QL2,0.0015656739899994748
VIT,0.0015651879414656181
PLD5,0.0015549927352063446
LCT,0.001549178687666219
STAB2,0.0015441495805077032
CALN1,0.0015421527154297976
NPM2,0.0015326141245978913
SLC7A13,0.0015001527137638753
KCNG1,0.001488892219417779
PPAPDC1A,0.0014674097593064357
HEPACAM,0.0014603120581479147
HIF3A,0.0014472782764219398
BBOX1,0.0014433157648040156
SLC7A4,0.0014372836230431582
LPO,0.0014322851000702472
ADH1C,0.0014233149073687205
BPI,0.0014206512147054247
DACT2,0.0014175199557369495
KCNQ4,0.0014136053056172829
CCKBR,0.0014132744502633704
LOC283867,0.0013891928151064513
LPPR3,0.0013874460083244322
CST2,0.0013852687092565502
GFAP,0.0013746209114395063
DEFB1,0.00136943043411921
LOC93432,0.0013650903711468307
PNMT,0.0013490250344834474
EDN3,0.0013474811753652943
CMA1,0.001345424691071551
RASAL1,0.0013285775257939503
GJB3,0.0013197476036722491
PRSS33,0.0013162712699351065
TIMP4,0.0013131644171503999
LRRC31,0.0013113532363580743
HRASLS,0.0013073961070513074
SLC26A3,0.001307280745860886
HEPN1,0.0012982593256455769
GDF10,0.0012969826326799008
GRIA1,0.0012925323075723622
HMGCS2,0.0012810387454922731
SDR16C5,0.0012773276478843737
HSD17B13,0.0012740255330926933
TRPM6,0.0012734957506562615
GABBR2,0.001273338707958152
LOC285629,0.0012708784496051377
AWAT2,0.0012635266570243972
IL29,0.001259080890524146
NCRNA00093,0.001235266225295279
ANGPT4,0.0012252849969048363
DMRTC1B,0.0012228262244218834
CALML3,0.0012164827432993965
SOSTDC1,0.0012023795195619828
AQP7P1,0.0011893916876947928
EFCAB1,0.0011827570425232115
CLCA2,0.001181530329630035
MMP13,0.0011726520395538079
DNASE1L3,0.0011709726494660922
CST1,0.0011678400284695254
FUT3,0.001163710572752696
TUBA3E,0.0011634735745859458
RSPO1,0.001160287668702646
CADM3,0.001151376061339481
MSLN,0.0011459219245141684
DEFB132,0.0011227320940462077
CA4,0.001120956259693215
TPO,0.0011189211407580469
SEZ6L,0.0011119620427884511
GLYATL2,0.001109124018992756
CNGA1,0.0011068041582650275
SPOCK3,0.0010960658535396257
PAK7,0.0010811451412686846
PLAC1,0.0010806592037310796
SYT8,0.001079792430063663
CCL7,0.0010760063628981328
RGS6,0.0010683321159553163
ADCYAP1R1,0.0010654495617202571
TF,0.001060925150748384
VGF,0.0010581334012932095
LUZP2,0.001057266463682361
EMILIN3,0.0010419016384640729
IGF2AS,0.0010369489812974344
PRDM13,0.0010318062761846608
NPY2R,0.0010314265561802965
SLC6A15,0.0010192611562599842
CAPN8,0.0010189312153346358
C10orf93,0.001012442292462835
CAPZA3,0.0010085414098172788
NLRP5,0.0009850373263796503
CAMKV,0.0009800140133995766
ALDH1L1,0.0009672666870111586
KRT37,0.0009624093491566208
TGM5,0.0009585301187628909
LHX2,0.000952868606114308
B3GALT1,0.000946546256582038
TRPM3,0.000939515516803669
APOF,0.0009311122034150865
TUSC5,0.0009276571734573837
ABCA13,0.0009189200295493756
SLC24A2,0.000907295931178683
GLB1L3,0.0009070018395968034
PLA2G10,0.0009042737204988407
FAM3D,0.0008990398578576562
IBSP,0.0008929084111710738
UMODL1,0.0008867135117481977
LRFN2,0.0008860615708554307
CIDEC,0.0008846791667894105
RLBP1,0.0008840788265470571
CYP2B6,0.000876369357124204
GLYAT,0.000875225514036239
HS6ST3,0.0008732217967937801
ACY3,0.0008675237952694985
IGSF9B,0.0008669798151483592
DSG1,0.0008652649306944098
C11orf90,0.0008633488774776624
SLC7A14,0.0008586337927919324
IRX4,0.0008579300063730977
RAET1K,0.0008566071904565287
TRPV6,0.0008564406276508406
HHATL,0.0008551733698947169
MMP1,0.0008548812712725529
HIST1H3G,0.000847211193933075
PTPRZ1,0.0008463918882062043
AKR1B15,0.0008442804304714822
CNNM1,0.0008341297649664473
CYP2A6,0.000833490524712675
TERT,0.0008276656773753229
APOB,0.0008246266255023851
CA6,0.0008246090032029942
MRAP,0.0008087353264816326
C10orf82,0.0008034484077145027
CAPN9,0.0008011663012307726
AMBP,0.0007979178471253161
LOC284233,0.0007966563264271562
MPPED1,0.0007934558344430127
TUBA3D,0.000792502712822502
ABCA12,0.0007891002093203949
DCDC2,0.0007875876633770357
SERPINA6,0.0007834337329192143
SORCS1,0.0007809665178769355
SERPINA4,0.0007789367247745269
MASP1,0.00077407496765503
KRT9,0.00076865812815992
ABCB5,0.0007682941714555558
SLC6A11,0.0007681634410199739
HSD17B2,0.0007677332014213915
CYP24A1,0.0007649940732746649
NMU,0.0007647185926038716
C4orf7,0.0007614255318017764
HIST1H2BO,0.0007578244898894259
LHX1,0.0007556419911203405
CA9,0.0007544164005704932
HS3ST5,0.0007449659328426128
RAET1L,0.0007408302628944262
CCDC155,0.0007360437624315885
ANXA8,0.0007334655612926242
CMTM5,0.0007290694315648616
HPSE2,0.0007290495201321064
SLC12A1,0.0007259604254021885
RIC3,0.0007212788936024561
DSG3,0.0007187145518040941
ZBED2,0.0007131032652593485
SCRG1,0.0007125962352992219
FCN2,0.00070493820762044
C10orf107,0.0006944556890193462
HGD,0.0006892239309461329
HERC2P4,0.0006887067833482376
PTCHD1,0.0006862609535812563
LOC100131726,0.0006861736216158176
TCAM1P,0.0006855259656864035
CCR8,0.0006826108610234708
ADH4,0.0006808617013376044
IL1RAPL2,0.0006806737160146873
CCDC129,0.0006802802785398398
MOGAT2,0.0006799422562532373
CCDC60,0.0006757187682101003
CTSG,0.000672646611668792
ACTL8,0.0006679404764080592
C1orf168,0.0006629160979339556
LCN10,0.0006627316224116919
UGT2B11,0.0006602201569190598
LOC400940,0.0006561120288837972
SLC16A11,0.0006530804415917491
DRD2,0.0006496049910409825
MYO18B,0.0006480723767844534
SCGB2A2,0.0006473490205630517
LDLRAD1,0.0006420191276574519
C6orf218,0.0006394553504304382
ISL2,0.0006285326194214864
QRFPR,0.0006255086380952873
CNGB1,0.0006251410987331752
MATN4,0.0006223750824452312
COL4A3,0.0006155727424644906
DYDC2,0.0006111033581589362
TCL1A,0.0006092384399174095
DHDPSL,0.0006067553068578695
LOC554202,0.0005972015459343409
WISP3,0.0005958974655427282
IL17B,0.00059370763046173
HILS1,0.0005910481518798063
LOC642587,0.0005905841284634183
FAM131C,0.0005877084868863904
PIK3C2G,0.0005853861312573664
SLC5A1,0.0005830763144973394
BEX1,0.0005827073970838768
CST4,0.0005826215283092383
FAM83A,0.0005803799180924223
KRT6B,0.0005791138982625896
C1QL4,0.0005741246643712997
GALNTL6,0.000574119190544017
MSMB,0.0005725779790310763
OR2L13,0.0005712110816689164
SHISA6,0.0005708624577395047
ATP13A4,0.0005697975966408917
SLC14A2,0.0005680396850193821
CNTFR,0.0005653706197450757
AZU1,0.0005646236377924466
LOC572558,0.0005628321294559636
HCN1,0.0005580391311038182
MAGEA6,0.0005542491951520731
B4GALNT2,0.0005500723277429066
FAM5C,0.0005481371018330205
SLC35F3,0.0005477555250779908
ADIPOQ,0.0005455832683398926
KIAA0319,0.0005422544330494863
DBX2,0.0005409631123384476
NBPF22P,0.0005404085693877993
KLK10,0.0005350040911264139
OR7D2,0.0005325061034807974
GRP,0.000532058006137429
NEU4,0.0005282548155678627
VSTM2A,0.0005275698563157104
GPR12,0.0005269916891193601
ZIC1,0.0005266481826732936
KBTBD12,0.0005253745599964691
ABCC12,0.0005232692517656043
FOXI1,0.0005232186945951181
CADM2,0.0005216310111182101
ACADL,0.0005204985279692549
HOXB13,0.0005197988533969442
LAIR2,0.0005192505003114644
DUSP5P,0.0005184738576117969
GPR139,0.00051747804174986
OR2W3,0.0005150274510516981
TCN1,0.000512626081982587
SLC34A2,0.0005118577740999766
HS3ST4,0.0005116370191875317
FAM196B,0.0005099954634092491
FOXN1,0.0005091225962115733
SLC15A1,0.0005078842894740273
C6,0.0005073708944917679
MUCL1,0.0005071112880912196
GRIN2B,0.000506464339765762
CAPSL,0.0005062248264932221
C2orf71,0.0005054123152903594
C1orf111,0.000505303277724551
NBPF4,0.00050436295782334
C8orf47,0.0005038482516295478
ANGPTL7,0.0005003622994375656
SLC5A11,0.0004974903051679344
DLGAP1,0.0004950350220463229
MUC15,0.0004930626901475817
LRRC26,0.0004901361344425672
NLGN1,0.0004896911261591594
GRIK4,0.00048749495839006717
TMEM171,0.00048705818119759074
LIN28A,0.0004865600945864428
CIDEA,0.00048634406011388494
OBP2B,0.0004842576904093595
TRPV3,0.00048423454040597144
NWD1,0.0004776281936089481
DBC1,0.00047570734685056847
MT1DP,0.0004750665768543893
TSPAN8,0.00047362281441463094
DLK1,0.00047316037724109955
MDGA2,0.0004723425637990554
TMPRSS4,0.0004717769143881127
FIBCD1,0.00047112762252925254
FOLR1,0.00046970128691172793
ASTN1,0.0004691219265338275
DLX6,0.000468139307531427
SPINK8,0.0004681041302867354
CAPN6,0.0004649167681859337
ALX4,0.0004641192445132357
ZFP91-CNTF,0.0004640803626699885
TDGF1,0.00046274827567429895
CSMD3,0.0004619785850185351
KCNJ3,0.0004617279947577526
CDC20B,0.00046170360979963477
C14orf64,0.00045983830990557355
HEPACAM2,0.00045945042652659093
PCK1,0.0004569992345113781
LOC728606,0.00045586723992633335
KCNC2,0.00045162364303407863
CCL20,0.0004508313010099562
UGT1A6,0.0004451069841749647
FAM25A,0.00044499996696758734
C4BPA,0.00044479027968951924
CXCL17,0.00044192536307457965
GYS2,0.00044142915061591315
KCNH8,0.00043982057605162844
BMP3,0.00043821789936760976
GAL3ST2,0.00043803930934983604
FAM69C,0.0004378493577193282
FSD1,0.00043676106170666964
AQP5,0.00043441239665087465
KIF1A,0.0004326542074690056
SCGB3A1,0.00043201652253704913
ATP1A4,0.00043105777361540046
C6orf223,0.0004304444963368045
TRPA1,0.0004296837265261058
PROL1,0.00042795006952274235
DLL3,0.0004258330158746203
TMPRSS6,0.00042519015696459344
DPP6,0.0004244741994672156
TNNT3,0.00042196048391374857
HOXC11,0.00042182622428220905
MKRN3,0.0004216453495843188
SLC19A3,0.00041939261136446056
IL20,0.00041616798142606526
EPYC,0.0004160040249333147
CES4,0.00041477400118091883
BMP5,0.00041261965742660055
FRMD1,0.0004121211599411555
C21orf88,0.00041177056270332024
TNMD,0.0004109825443184574
DMBX1,0.0004109626185210921
PNMA3,0.00040995025765551586
GPR87,0.0004095204033552135
SAA2,0.00040914942102213483
MT1H,0.00040563855710329665
CYP4F22,0.0004053653283626403
DIO1,0.00040423138940861474
CLEC9A,0.0004039111405766086
PPP1R1A,0.0004033332432877343
GRB14,0.00040296093367895024
CLEC4D,0.0004015478891900927
DCDC1,0.00040035123458356017
CCL21,0.00040021267332159856
PCDHA11,0.00039874277724638775
ZG16,0.000398015384729074
GABRQ,0.0003972680860748364
IRX6,0.0003964572729907433
FPR2,0.00039544835058389125
DMRTC2,0.0003942832023935263
HTR2A,0.0003941888126383051
PCP4,0.00039410069205773
SLC8A2,0.000393828539881753
HOTAIR,0.00039309628166567625
GCM1,0.0003919841748661862
SBSN,0.0003908098146139363
ALOX12B,0.0003907933876317344
GPX2,0.0003906041457635785
PCOLCE2,0.0003900909621705134
CXCL1,0.00039007261603037996
CYP4Z1,0.0003864164498533818
CRHR1,0.0003847721957535855
KIAA0408,0.0003841639707556655
LOC440356,0.000382195876499933
C1orf95,0.0003819221444595218
LGALS12,0.0003801650084647678
TUBA3C,0.000379802806423154
SNAP91,0.00037958690852677726
LCN6,0.00037904498956453447
KCNG3,0.0003786473639766992
GLYATL1,0.00037832009763682367
MAGEA12,0.000378233995995193
RBP4,0.00037562483169494725
GRIA2,0.0003733412488292364
CLEC4F,0.0003733363421134728
KRT24,0.0003733095091496523
SLC30A8,0.0003720442503348293
ABCC13,0.0003715284853072105
P2RY11,0.00037107819631522807
PSORS1C2,0.0003701514691942631
PNOC,0.00036954058321368233
NXPH1,0.0003690651168860866
MAP7D2,0.00036858654628509616
ANKRD30B,0.0003674005909066908
ARMC3,0.000363299877955798
WDR17,0.00036210380283566694
EYA1,0.0003617879245367449
SLC18A2,0.00036144816202829416
LY6D,0.0003613507732655675
ACTN2,0.00035961405617379664
GPM6A,0.0003588485540681247
CRYM,0.00035645131698438636
PRRT4,0.0003561449288166424
PRMT8,0.00035423001503334114
C16orf89,0.0003534468898265796
MT1A,0.0003524881187355333
HBA1,0.0003508318594233256
DSC1,0.00035082745639885524
FUT6,0.00034950459188861374
MS4A8B,0.00034765624823119125
TEKT1,0.00034739684755913966
NCRNA00162,0.00034667214824152514
CNGA2,0.0003466552949254481
KIR2DL4,0.0003461434101352044
FAM83E,0.0003449727247624603
STXBP5L,0.00034474237467922464
KLRG2,0.0003443152926420642
LOC100127888,0.00034422237404312545
CYP2A7,0.00034360539673399855
IP6K3,0.0003435325058603472
KRT2,0.0003435253466533559
ANO4,0.00034302510676579456
GPR144,0.0003425229596060591
OTOR,0.0003417544686568875
FUT9,0.00034157883580347893
SOX3,0.0003399331709129471
MAGEA4,0.00033991269372471216
CST5,0.0003392749539758557
KCNE1L,0.00033801016674839425
SH3GL3,0.0003378156412482014
FRMPD2,0.00033758098383818267
GSTM1,0.0003372640871177276
DHRS2,0.0003372372896264138
RSPO4,0.00033582721701108973
HMP19,0.00033518183778949803
PCDH8,0.00033383337546536156
BARX1,0.0003335856599137313
KISS1,0.000333124598458857
ZIC4,0.0003324868379061652
LOC648691,0.00033233849407081345
EPB42,0.0003314990733157288
CLEC4C,0.00033140864343244377
SLC28A3,0.00033065384465817487
PHGR1,0.00033031405808549676
CEACAM7,0.0003279479460453762
RHCG,0.00032654301815270096
FAM189A1,0.0003260148500341802
MMP10,0.00032578346870734383
EMX1,0.0003256225063260329
FAM181B,0.0003253133126532341
FGF9,0.0003238604279678288
SYT13,0.00032112177287776207
NLRP8,0.0003198363974305794
FAM135B,0.0003176938672490463
CXCL6,0.0003167832073852854
GJB1,0.00031655935593271885
GDPD2,0.00031649871717141917
SULT1C2,0.00031614717623266634
PPYR1,0.00031611116233079176
IRS4,0.0003143529318775774
PNCK,0.0003139767867208118
CIB3,0.00031394206188846066
KLK1,0.00031368656590879154
OR2B6,0.0003116432759757365
C11orf53,0.00031154320667075094
DUSP26,0.0003100972904834344
LEP,0.00030911045595354854
KCNB2,0.0003081008037100614
GABRA3,0.00030579701160304075
SLC5A5,0.00030437604999398023
SCGN,0.00030332421102078846
CSAG1,0.00030256032409992973
ENTHD1,0.00030217214796624236
SERPINB4,0.0003020816530162068
LOC440173,0.000301434420025335
LOC121838,0.0003006304975949477
GSTT1,0.000299936235247036
C21orf15,0.0002993189707460809
ACCN1,0.0002991216561477591
UTS2,0.0002990610002964923
LY6G6C,0.0002983633058306057
PCDHA12,0.0002979179796013609
NKAIN4,0.0002978423630538817
MARCH4,0.00029743916017059227
SNTG2,0.00029654049690160355
MUC5B,0.0002954809501603645
VCX3A,0.00029455836263914294
C6orf142,0.00029289700040561925
LOC389493,0.00029282953152395244
MAGEA2,0.0002920167638630637
KLHDC7A,0.00029124646655551996
WIT1,0.0002900568149327782
C6orf126,0.00028964486910253666
CHRNA6,0.00028957138779669956
FLJ37543,0.000289291094212183
ANKRD34B,0.00028843085406130004
FLJ41941,0.000288167444955579
SCG3,0.00028700996657615973
PADI3,0.00028650746765564834
CCL13,0.00028599061089189476
EDAR,0.000285547652872359
HAS1,0.0002854817627178847
FAM5B,0.00028542524148957303
PSCA,0.00028475479008232613
HSD3B2,0.0002844527709337886
RHBG,0.0002839879344748206
OXGR1,0.00028278840445739934
C2orf62,0.00028278518573191994
PRTN3,0.00028228572568832715
MUC6,0.000282136597284918
NPFFR2,0.0002821112681835983
SEPT12,0.00028194410615878327
CNTN2,0.00028185149729503144
IVL,0.0002814181584679906
PCSK1N,0.0002810366875448874
PGA3,0.00028056580801096763
PIP,0.00028056338615693537
NTF4,0.00028036645674745544
HIST1H1D,0.0002798011415613497
BNC1,0.00027878938514158707
GAD1,0.0002785471668070808
CEACAM5,0.0002775739972016737
CELF3,0.00027754891265397444
SERPINB7,0.00027723530415372263
GUCY1B2,0.00027658930624182307
ADH1B,0.00027598510590389944
MARCO,0.0002758940933053715
NLRP2,0.0002757612635871861
DDC,0.0002748491462815464
SYT5,0.0002748203624536101
PKHD1L1,0.000274351413941203
C17orf93,0.00027381016643527505
PTCHD3,0.00027338002441780007
GJB5,0.00027310761473378707
DQX1,0.0002730907912250272
ACTC1,0.000272469126297569
MYO3A,0.0002717537857810962
LOC283392,0.00027128664184340983
ZNF99,0.0002709941289089141
AQP7P3,0.00027094032458687003
ALDH3A1,0.000270850289748327
RAB3B,0.0002698843951104532
ATP6V0A4,0.0002695247864758445
CYP4F12,0.00026917358018909625
SLC26A9,0.0002688787569691578
XCR1,0.00026821948225309975
TH,0.00026810853557596837
C2orf82,0.0002680285292626957
SLC26A5,0.0002675083533345472
OBP2A,0.00026695788852561394
SPINK4,0.0002661316254113389
IYD,0.00026568040117023355
C4orf6,0.0002654179266256791
CD19,0.00026496250290028515
NR2E1,0.0002649606441727728
C21orf128,0.0002647736534763162
MARCH10,0.0002644255612516709
CPNE4,0.00026275184431991404
PROK1,0.00026254635843581575
SPIB,0.00026251911817671463
ZFP42,0.0002622621632535456
CHRM1,0.0002622087878250824
LOC100133469,0.00026106047486652953
TPTE,0.00026096238056795
CAMP,0.0002604273748557421
CDH19,0.0002600946277341657
FGF5,0.00025982986084955575
KPNA7,0.0002594766401919526
TMEM151A,0.00025898720355837997
CASP14,0.0002587730576731896
SFTPA2,0.0002579769946509748
C1orf194,0.0002579002534023976
ATP10B,0.0002564751544399545
KLRC2,0.0002563826654758998
PYDC1,0.00025600762227916075
FBN3,0.0002556432524591833
ADCYAP1,0.00025531083986841485
RPS28,0.00025481398608271483
WFIKKN2,0.0002546585911595925
OLIG1,0.00025440902702400704
CDKL2,0.00025367517119380867
FCRL4,0.0002533391507191438
CPA1,0.0002512099602423904
PAPPA2,0.00025063886445750284
TPRXL,0.0002498557641898204
TNFRSF13B,0.00024976910564580374
ACTBL2,0.00024963295489503773
KNDC1,0.0002495318441431507
FAM83B,0.0002490913244949737
C14orf162,0.0002480559286690002
FGL1,0.0002477261493732922
CACNG1,0.000247439719679281
PP14571,0.0002472489963827251
KIF25,0.000247117294225403
SLC9A2,0.0002469880841843906
PNLDC1,0.00024638884517267696
SPRR3,0.00024609587570831516
AQP4,0.000245236009359953
ABO,0.00024488738587954886
EPGN,0.0002448645963262799
FCAMR,0.00024480873645337507
MLC1,0.00024467015072691923
DNAH8,0.0002445503508641711
GLP2R,0.00024413376930054802
HOXD13,0.00024400775754624294
CECR2,0.00024357125335529723
IGFL3,0.00024347385079062842
AQP7,0.0002434228957835646
C18orf16,0.00024287496524518163
PSG4,0.00024277722421626964
EPHA6,0.00024264093939180942
GHRH,0.00024262715757184132
PSAPL1,0.0002424247585476297
CXorf22,0.00024087380418206578
HTR3A,0.00023996425334955925
NRXN1,0.0002388763295012121
DLX2,0.00023752264472094706
AMTN,0.00023728081158252555
TCL6,0.00023721032315397684
TBX10,0.00023707545957048722
EVPLL,0.00023695126059687305
FABP6,0.00023619432571418157
LGALS7,0.00023548726785357728
GAS2L2,0.00023524710327419725
CCL17,0.00023514591844085774
CSAG3,0.00023499567612852147
DAB1,0.0002342862844034089
MNX1,0.00023317939816683126
SLC13A2,0.00023284260062547715
LRTM2,0.0002317624717100658
PKHD1,0.00023163002034369177
CPLX2,0.0002312771662241948
RXRG,0.00023076793764040628
HEPHL1,0.00023010213864619632
GRM4,0.00023002647666209931
C8orf75,0.0002290973881775984
LOC645323,0.00022901197821259585
SNX32,0.00022895253503951233
PEX5L,0.00022879946668708081
PON1,0.00022860010438815212
TNNT1,0.00022825596932932898
BIRC7,0.00022758091471898105
NCRNA00160,0.00022619934627296674
ABCB11,0.00022586624424948435
FCRL3,0.00022559763833343522
LOC647859,0.00022454029342435454
KIRREL3,0.00022403542048292488
DKK1,0.00022402925242758447
TTLL2,0.0002235177597047506
HHIPL2,0.00022331306286638893
LOC152225,0.00022316115515828313
PLP1,0.00022266892282676295
NEUROG2,0.00022245888882231585
SLC39A2,0.00022232167194817783
TCL1B,0.00022212872243533417
UPK1A,0.00022164531851218052
ALOX12P2,0.00022129240868755843
PRKAG3,0.0002212762603668899
C7,0.000221081778247084
HOXA6,0.00022080054042420167
KRT32,0.0002201344269783294
PON3,0.0002194023975264294
LRP1B,0.00021910924022746018
APOBEC4,0.00021858474613880435
CLEC17A,0.00021766554245323543
REG4,0.00021750021675602093
ZNF676,0.00021655528723676866
SLITRK1,0.0002159613446208381
DDX43,0.00021588609343473907
CCL11,0.00021447192299837468
S100A7A,0.00021423713038549338
TNFSF12-TNFSF13,0.00021416329142325997
EDDM3B,0.00021381956505719252
KRT83,0.0002123120318071868
LRRC14B,0.0002121917506236249
GPR110,0.0002121297227522235
RTBDN,0.00021058550285318553
B3GNT3,0.00020990994231576487
IL19,0.00020985173576044228
CLDN16,0.0002096525013873203
CHST4,0.00020931595984378256
C4BPB,0.00020916638936336297
SLITRK3,0.00020853853233628332
KLK3,0.00020833138573779996
ECEL1,0.00020820226139192175
EPO,0.0002079868360991936
KCNB1,0.00020765615963742106
FER1L5,0.00020688757586726384
STK32A,0.0002067298591361117
TNFRSF17,0.00020588068809212695
GNGT1,0.00020364361085357837
UGT2B28,0.00020346230330792263
KLK2,0.0002032313632086674
SIM1,0.00020299225541578
SPERT,0.00020219142558179257
CDH20,0.0002009459319872444
CWH43,0.00020085651804774
NKX2-8,0.00020017029607829012
SAA4,0.00020009404060476852
CPLX3,0.0001997169835205086
PRAME,0.00019970191876431728
NOL4,0.00019961006570634116
SPAG17,0.00019926706105221479
DES,0.00019910714669123697
AQPEP,0.00019864504709568088
NAP1L6,0.000198156369245704
CRTAC1,0.0001978225482792256
DSCAML1,0.0001971887711752325
PLA2G2D,0.00019667047247445206
TDRD1,0.00019509139236112568
HIST1H2AD,0.000195002277643601
FADS6,0.00019462930427623874
FGB,0.00019462082534877522
GRM7,0.00019451078384727263
TRIM63,0.0001939561522245617
PI3,0.00019380848602264047
PRRG3,0.0001932620808991179
LBP,0.00019311148261285706
CDH4,0.0001931087337335689
PIGR,0.00019200249696662167
SLC7A10,0.0001914528517652111
UGT2B10,0.00019142972694703708
MMP27,0.00019088719367163222
C13orf38,0.00019082670180067387
SCAND3,0.00019036341533709697
NCAN,0.00019012484561211303
C2orf39,0.00018944928936128472
MAGEC1,0.00018941585375579543
KLK11,0.00018939175261701143
NBPF6,0.00018888627057137494
FCRL2,0.0001887147184886632
PAPL,0.00018861161426111245
TP53TG3B,0.00018739075604347309
HIST3H2BB,0.0001865456978821384
RGS7BP,0.000186414826623206
CYP8B1,0.00018566996275936975
TMEM195,0.00018565995937572718
KRT6C,0.00018554759340421055
LOC55908,0.00018547540708584214
SPDYC,0.000185323129414539
CFTR,0.00018472610466423428
LHCGR,0.00018457282568428427
CR2,0.00018378242228576453
CDH7,0.00018344141008877615
FAM81B,0.00018248008011913626
KRT13,0.00018204320499162134
CYP4F11,0.0001817348075232339
BRSK2,0.0001814637781248908
GNG13,0.00018097817046268923
KLK4,0.0001790023067414656
IGFL2,0.00017852525261828563
LOC400696,0.00017851788975592733
PVALB,0.00017839047743322417
KIAA1751,0.0001783231555580124
KIRREL2,0.00017779122684520986
SERPINA10,0.00017616577747918535
PAX1,0.00017538468357565813
KLK13,0.00017537364413017798
PRSS50,0.00017522799881241645
KAAG1,0.00017500713147504903
SLC39A12,0.0001744866944841552
DSCAM,0.0001737259786921373
ENTPD8,0.000173163783368337
NTNG1,0.00017314792013549925
ASB12,0.00017266248547100305
SMTNL2,0.00017231918315366721
CGA,0.00017206600557762277
CACNA1F,0.00017180918506046544
RIMS2,0.0001712118792418338
CXorf30,0.00017097852249339432
LRP2,0.00017092309671795644
MYT1,0.00017016134149538544
RASSF10,0.00016886480392836682
BEST3,0.00016853944707039133
TRPM8,0.0001676512756029929
MYL3,0.00016762682312453314
VIPR2,0.00016594240509553275
PPP4R4,0.00016580475827422927
GSTA1,0.00016506290578237199
PAH,0.00016443306893527832
MYL7,0.00016442150077148061
TNR,0.00016422290747040332
HPD,0.000163954959375033
ICAM5,0.00016385916100755685
ADAMTS19,0.000163678827079773
ASXL3,0.0001633876472259558
LOC440925,0.0001633182738058055
PRSS1,0.00016325900295850008
DKK4,0.00016304177995448438
CALML5,0.00016296953323484027
SPRR1B,0.00016292037186802145
REN,0.000162144349640558
STMN4,0.00016150006303048377
C12orf74,0.00016107876769151178
TNNT2,0.00016102869273017722
PCDHA9,0.00016093506388982007
C2CD4A,0.00016056797102660176
PAEP,0.00015967270522923075
C14orf53,0.00015929075924099882
KRT31,0.00015917869867550094
TEKT2,0.00015886528193731535
CD177,0.00015879129762709027
EYA4,0.0001587335207764445
SLC27A6,0.0001586765756009784
SBK2,0.0001576084349069825
MARCH11,0.00015754558283986132
FAM184B,0.000157510453092699
TLX1,0.00015734069043182316
GLRA3,0.00015731831097634953
ZFP57,0.00015731149700956129
FOXE1,0.00015719338587443516
RNF222,0.00015669334360068836
PHF21B,0.00015642851831932817
SLURP1,0.00015621620937023405
CSN3,0.00015598284766326118
POF1B,0.0001558991106194997
MAEL,0.00015456775599128293
IGFL1,0.00015453501424303668
ZSCAN1,0.000154032682389256
JAKMIP1,0.0001538884772892592
SP5,0.00015354445767552048
RIMBP2,0.0001535431464360273
VWDE,0.00015302506814217966
TMEM40,0.00015292979322188954
C1orf230,0.000152690800285723
SHISA3,0.00015217834219384584
DPYSL5,0.0001518000369387197
FAM180B,0.00015148263945632254
LACRT,0.0001508719658590992
CARTPT,0.00015067310520846606
TUBBP5,0.00015056322832641573
KRT75,0.00015051529415301818
SLC5A7,0.00015030990328968171
PENK,0.0001501321168316198
SVOPL,0.00014940084644505914
SPAG6,0.00014921523969878834
HRH3,0.0001488787887400113
KIF5A,0.0001487555312022405
PGC,0.00014859648252042558
C1orf150,0.00014846846976447392
MS4A15,0.00014831531233740121
MAGEB1,0.00014828944593069159
MYPN,0.00014811368800684468
NPY5R,0.00014810332468943185
C8orf34,0.0001479762565624346
TMC3,0.0001472395775822898
ARX,0.00014697534822379193
KRT4,0.00014695881178649703
ZNF492,0.00014683399401201194
PLA2G3,0.0001466089495825477
KRT77,0.0001465595344353857
PMP2,0.00014636823087772405
MMP20,0.0001449971930982446
C21orf29,0.00014485961192883763
LHX8,0.0001446774818061603
FAM183A,0.00014457224510731586
GSTA3,0.00014455177698693137
RAB3C,0.00014363956144990736
FAM71E2,0.0001433103672723513
KISS1R,0.00014204128541399268
KCNC1,0.00014185629539897686
WDR72,0.0001414496077515571
THEG,0.00014124555798024037
KCNMB2,0.0001411019918874509
HAPLN1,0.00014094582777313667
DCD,0.0001407864982172257
ANKFN1,0.00014046079959004475
CYP4A11,0.00014024948827447386
RP1,0.00013995794134388808
SLC28A1,0.00013973759159692365
SERPINA9,0.00013948251208012555
FOXJ1,0.00013946225033144283
CNKSR2,0.0001390973813878222
ZIC2,0.00013902511758595167
ADRB1,0.00013846378709215997
FGG,0.00013833443056859688
UGT2B15,0.0001382801161656097
SIGLEC15,0.00013794464577614548
KRT33A,0.00013655492299197259
CRABP1,0.00013647982420928286
AKR1D1,0.0001357271518582413
C14orf180,0.00013508489418884715
LILRA3,0.00013463338623880455
FBLL1,0.00013449206821801443
SNTN,0.0001343241498339831
TYRP1,0.0001337958046902007
FCRL1,0.00013295607953100265
KLRC1,0.0001324793646609822
PPP2R2C,0.00013207126566145317
CSMD1,0.00013191583337926753
BTN1A1,0.00013181548606247363
MMP8,0.00013173236448197148
HTR1E,0.00013137831953779548
XAGE1D,0.00013118984033553052
MRGPRE,0.00013106914123118852
MYBPC1,0.00013011996138610163
PI16,0.0001299280714802349
PNLIPRP2,0.00012872071208160944
RHOXF1,0.00012867072468578566
DCAF12L2,0.0001284476933023321
CCDC108,0.0001280643163441202
AACSL,0.00012791595518368493
IGF2BP1,0.00012778902094911604
YSK4,0.0001277532081171639
KRT79,0.00012762286871871183
FMN2,0.00012728065893116415
NKX2-2,0.00012676937794253696
PAK3,0.00012672872126438703
NDST4,0.00012649048768140895
CYP2C8,0.00012606673188074143
LPAR3,0.00012605023384022662
MMP12,0.00012599878390009647
TMEM145,0.00012579135768345248
LRRIQ1,0.000125651269182867
DNAH3,0.0001256263744392133
SYT14,0.00012514072721805543
LMX1A,0.00012512345386154398
SGCG,0.0001249767371366674
GABRG3,0.00012497581795650867
LOC100132354,0.0001248092001615856
S100A12,0.00012475318788953769
MIMT1,0.00012463310361246412
OPRD1,0.00012434396458301168
HCN4,0.00012425543697174032
PSG9,0.00012402002440679925
DNAI1,0.00012401076423113695
ADH1A,0.0001239232793625915
ITIH2,0.00012375638317290523
KRTDAP,0.00012324914923907124
MCCD1,0.0001232034388153692
PCDHA5,0.0001227164132425217
SEC14L4,0.00012254269097681082
L1TD1,0.00012238047734723504
LHFPL5,0.00012222971113873192
MUC16,0.00012195082369631368
ELFN2,0.00012172983470318285
TMEM105,0.00012162646872081164
DNAH11,0.00012153867460339857
TRDN,0.00012076647664578888
ATRNL1,0.00012072747980727189
LCN2,0.00012030619643585147
PRSS45,0.00012009316556950867
TEX15,0.00012007465321301893
MYO3B,0.00011961660403176296
KCNH6,0.00011957644323849998
C13orf36,0.00011948720014284635
SIGLEC12,0.00011859147917644053
CXCL13,0.00011844538958226578
CBLN1,0.00011835090552638372
CYP4A22,0.00011822398696062802
LINGO3,0.00011811114555227018
COL19A1,0.00011788153998119611
PDIA2,0.00011779149320724345
SLC22A10,0.00011775303248730528
GABRA2,0.00011747714026358994
SPINK5,0.00011668870113009686
CBLN2,0.0001166176190103221
LHFPL4,0.00011651307065578293
SYNPO2L,0.00011628226754321029
LOC146336,0.00011605786066991173
CNGA3,0.00011577203098113036
TFF2,0.00011574888165019688
ZNF80,0.00011572403164395627
CCL3L3,0.00011521518051050993
SLC1A6,0.0001151865817529414
POPDC3,0.00011502382755609471
WT1,0.00011416828317142894
DCT,0.00011387067154568457
NDP,0.00011374279004527243
TRIM55,0.00011351496039359463
USH1G,0.0001127590892355616
TBX22,0.00011271263754850195
MYBPC2,0.00011257344221761521
SCEL,0.00011211935524268411
CHGB,0.00011160168205483751
GABRB3,0.0001114970247535283
WBSCR28,0.00011114319135913111
C1QTNF9,0.0001105919255693847
CYP4F8,0.00011054288837948541
PLAC4,0.0001103877957831546
HOXA13,0.00011014867661820697
IL12B,0.00011005120583561084
PCDHA1,0.00010986792004643799
SOX2,0.00010980787288851627
TLX1NB,0.00010935747446175148
GPR26,0.00010928587643765896
KLK12,0.00010924722439855748
SYCE1,0.00010850914748639303
C11orf16,0.00010803512227872693
AGXT,0.00010788807489245367
VWA3A,0.00010724370178840293
ZBTB8B,0.00010704127300601187
SORCS3,0.00010682411410960354
GAL3ST1,0.00010580389377841016
NRG3,0.00010579632557561111
KRT1,0.00010502788607053335
FAM150B,0.00010463496965799894
SYCP2L,0.00010398054793597756
CLCN1,0.00010339574558893813
CRISP3,0.00010267509863717661
SLC22A16,0.00010250893882245234
LOC284749,0.00010240574131487257
ISL1,0.00010205379100680656
TGM3,0.00010189184799789241
SLC6A4,0.0001015494144035609
DCX,0.00010141546721631734
SULT1E1,0.00010084686182401703
PROKR1,0.00010080629295947944
ORM1,0.00010063122087641241
ADRA1A,0.00010033469776495472
HOXC13,0.00010025948548797261
UGT3A2,9.954726379282304e-05
GPRIN2,9.905423055313334e-05
CXADRP3,9.896146248571935e-05
CRISP2,9.892772950649576e-05
EN2,9.792025632747282e-05
SPRR1A,9.777187945057018e-05
TRY6,9.758990778512014e-05
VWA5B2,9.65451467385801e-05
FAM153A,9.596455515805667e-05
CELF5,9.578995818568477e-05
TCP11,9.567199525349184e-05
C12orf39,9.539426131272111e-05
LPPR5,9.515344100520523e-05
MAGEA11,9.510569840710585e-05
ZDHHC22,9.47798424640708e-05
GATA5,9.462369347885669e-05
TFDP3,9.399042748757469e-05
FGF19,9.343739870684223e-05
INS-IGF2,9.222004320860973e-05
SLC13A5,9.200957679612855e-05
KLHL34,9.198547674516999e-05
GCNT3,9.114181994999813e-05
KRT40,9.072398034046701e-05
WDR38,9.072190998851952e-05
LOC153328,9.039140688915436e-05
C7orf57,9.010784952535274e-05
APOA1,8.992416215722575e-05
C17orf77,8.990465794074495e-05
SNORD116-4,8.941579594113537e-05
SPATA4,8.860895488237101e-05
GJB4,8.848977095748032e-05
VIL1,8.845506194845267e-05
SLC5A12,8.834910282986434e-05
NPHS1,8.776005037654965e-05
CD1A,8.74518223154236e-05
FCER2,8.693590347564446e-05
TIMD4,8.668866083666559e-05
GFRA3,8.658754003508813e-05
PCSK2,8.651410355708956e-05
INSM1,8.650893073637377e-05
USH1C,8.60370017755753e-05
SLC30A2,8.599022360590233e-05
PCDH10,8.588185823505328e-05
DSCR8,8.579401932784511e-05
SULT4A1,8.551175655584399e-05
S100A7,8.548631504001776e-05
PRSS3,8.506200256328211e-05
ARPP21,8.497309788066351e-05
NPB,8.427375514603994e-05
CDHR4,8.414994396383976e-05
CCL19,8.414101289107608e-05
CLEC6A,8.397415880605639e-05
CSN1S1,8.390952083705062e-05
ARMC4,8.379406370148035e-05
SIGLEC6,8.350589514291034e-05
ORM2,8.321299787881682e-05
SLC7A3,8.30340868110789e-05
RNF183,8.301830478788133e-05
KLK14,8.275657275975478e-05
LOC286002,8.242312260017974e-05
LRAT,8.234656638504311e-05
CCL23,8.226927254570198e-05
ZBBX,8.208934361197284e-05
CCDC67,8.142831460962029e-05
CLLU1OS,8.108309563380885e-05
CPB1,8.093529474079791e-05
DMBT1,8.071061747709405e-05
WIF1,8.060478024597466e-05
INA,7.904055373998673e-05
LMO1,7.89028651873025e-05
HMGCLL1,7.851368573119653e-05
CLEC3A,7.8181598281311e-05
AMPD1,7.769368517455189e-05
UGT2B4,7.767685037865032e-05
TBX4,7.7618324262233e-05
UNC80,7.760414895234565e-05
KIAA0125,7.722077007392315e-05
STK31,7.716640837640387e-05
C6orf127,7.674265063593307e-05
FCRL5,7.661914123055758e-05
TDRD12,7.647076824391609e-05
NGB,7.603400255416166e-05
TTLL6,7.583024727866941e-05
MAGEA9B,7.569067007134592e-05
MGC14436,7.559026422035653e-05
WNT3A,7.516852860278952e-05
ANKRD34C,7.510160767613428e-05
CYP26A1,7.503406888313674e-05
SERPINB13,7.492653713287847e-05
NCRNA00052,7.49215439993801e-05
LOC100133545,7.47066366113384e-05
S100G,7.458713848451534e-05
UPK3A,7.456476015590117e-05
DPY19L2P4,7.37997656614913e-05
GJB7,7.376235533751651e-05
HUS1B,7.373077782393769e-05
PLA2G2A,7.323462216340254e-05
CTAG1B,7.294522993762557e-05
WDR49,7.286069279773054e-05
ARHGAP36,7.236170465433835e-05
ZPLD1,7.225613173025173e-05
AMH,7.173939678976607e-05
RBP2,7.149515927915202e-05
HABP2,7.140943172387467e-05
CTNNA2,7.114131925630214e-05
CPA6,7.087657780810317e-05
SLC35D3,7.062230193380579e-05
IL17REL,7.030621839469534e-05
OPRK1,6.946048513390052e-05
SLC12A3,6.870649058850297e-05
LOC255167,6.866315040384947e-05
OGDHL,6.841748968105374e-05
C1orf161,6.775194187725792e-05
HOXC12,6.757728349065831e-05
ANKRD1,6.745918956336588e-05
SIX3,6.740772459257813e-05
ZIC5,6.690650094237134e-05
NCCRP1,6.662745899107663e-05
UCA1,6.6416046925284e-05
CD164L2,6.55484564683546e-05
ELAVL3,6.5472299551109e-05
COL9A1,6.531194450602181e-05
SERPINB2,6.530905920660467e-05
DLX1,6.529923849036767e-05
PCDH11X,6.523993165663872e-05
ZNF556,6.509683257335137e-05
OR7A5,6.488403464249591e-05
CLEC2L,6.429463482128508e-05
SLITRK5,6.387297583462837e-05
KCNA2,6.350227950742358e-05
PRSS21,6.346893211471985e-05
PRR18,6.325469980549894e-05
KGFLP1,6.283887615527437e-05
ZFR2,6.272240559399823e-05
NKX2-5,6.236286428023063e-05
KIAA1239,6.183629992614117e-05
VSIG2,6.171485795526403e-05
DKFZp434J0226,6.137228164519012e-05
DKKL1,6.136160780387472e-05
SMR3B,6.115192952208731e-05
CYP1A1,6.100294846491177e-05
TRPM5,6.073714438297505e-05
IGFN1,5.99402895681426e-05
MRGPRX3,5.9454591019756644e-05
GPR15,5.939004366567434e-05
IGSF1,5.932396495229764e-05
DIO3,5.857643440686823e-05
PPAN-P2RY11,5.8218365516524895e-05
ROBO2,5.812907260420059e-05
MUC21,5.690168035005174e-05
TTC29,5.673537170538504e-05
TNIP3,5.661039410161688e-05
MUC2,5.637869559976104e-05
TRIM72,5.61991077175785e-05
SYT4,5.5732077493124853e-05
DPY19L2P1,5.569764705383177e-05
CUX2,5.558850975951051e-05
ALX1,5.549722524060362e-05
COL29A1,5.5382572351702084e-05
SYCP1,5.529416451919079e-05
GDA,5.5253775319352185e-05
NHLH2,5.524377531847971e-05
TMEM74,5.500556522413856e-05
FOXD3,5.4935246904808226e-05
STON1-GTF2A1L,5.452468582324447e-05
GPR115,5.448988306956422e-05
SERPINA12,5.416851217824488e-05
CHST8,5.3891812519757534e-05
WFDC6,5.35546997302397e-05
LOC157381,5.290805561549792e-05
SLC4A10,5.273060704265398e-05
ALB,5.2625413019245064e-05
CNR2,5.2544082877344036e-05
CNTN6,5.224511755654339e-05
HS3ST6,5.2167605024118584e-05
MAGEC2,5.204522603387425e-05
C19orf59,5.154055458628559e-05
PTPN20B,5.106157813249721e-05
FAM123C,5.089876921412406e-05
C20orf114,5.083968050297924e-05
PAX5,5.048681896070567e-05
MMP23A,5.0058677939251944e-05
SPATA22,4.98257662794498e-05
C10orf67,4.9318313650572926e-05
FMO6P,4.898751999538597e-05
C20orf85,4.8860218281710906e-05
TUBA4B,4.880186326400428e-05
TPSD1,4.867414227130105e-05
GLDC,4.7562671268204396e-05
CLEC4GP1,4.7496407598368185e-05
CDK5R2,4.736250455045876e-05
FER1L6,4.6815218236151574e-05
ACTA1,4.6395078554591745e-05
ZP1,4.46011768304469e-05
FOXA3,4.424995933027065e-05
SCN1A,4.4184838166364245e-05
TNNI3,4.399569456101604e-05
TMEM213,4.3358988245135804e-05
FLJ16779,4.3213111383544696e-05
CLDN6,4.3134259435008115e-05
CHRNA7,4.312733105197479e-05
PYY,4.310835180878013e-05
TRIM54,4.296609439365144e-05
PART1,4.2702743321144496e-05
PM20D1,4.262888824283442e-05
KCNJ6,4.2485042058277173e-05
CCDC135,4.2396619973481995e-05
SFTA2,4.2053853818196895e-05
SCT,4.181543856861044e-05
PPP1R1C,4.121660488561206e-05
HP,4.1198188669443954e-05
CHRNA4,4.0478602982490254e-05
DRD1,4.031843596278987e-05
ZNHIT2,4.030375479717857e-05
RGR,4.00825361038845e-05
ABHD12B,3.991868381498996e-05
CD1B,3.988580185603641e-05
MGC2889,3.9634375347621454e-05
GSTA2,3.856544246705236e-05
CSF3,3.780287900994741e-05
RMST,3.777002922793842e-05
DUSP13,3.770962433714915e-05
LASS3,3.7321866836370855e-05
DMRT1,3.679979407186778e-05
ANGPTL5,3.6737492721263825e-05
HIST1H2BF,3.6171058752219916e-05
CALCB,3.576018858247841e-05
CHRDL2,3.548069201792493e-05
NKX6-1,3.5410467757620595e-05
NTS,3.4863725047790945e-05
C9orf171,3.481497489057775e-05
MEPE,3.4794599278523865e-05
ROS1,3.454042306218357e-05
MAGEA3,3.42835451348442e-05
SYCE1L,3.421385624911513e-05
NETO1,3.363950480713176e-05
FTCD,3.3503894105949835e-05
ARHGDIG,3.340696969531923e-05
LOC643763,3.284897954748222e-05
CTSE,3.2235135367128645e-05
PTCHD2,3.216856015830017e-05
TTPA,3.167468995502632e-05
FGFBP2,3.087144540594702e-05
FAM177B,3.059806403284844e-05
PGLYRP4,3.0078531581630035e-05
CNTNAP4,2.98979115402012e-05
KLKP1,2.8920784234459074e-05
PLA2G4D,2.8817330612725946e-05
ALOX15,2.8798177913269123e-05
SHISA9,2.8760604929897816e-05
NELL1,2.813677707575182e-05
SCGB2A1,2.7791165305330112e-05
TRHDE,2.71200249941596e-05
SNX31,2.6293057105380836e-05
FAM106A,2.5748510338349798e-05
EGR4,2.544971599873475e-05
PAX2,2.5252646460501197e-05
DAPL1,2.5099362322303092e-05
ASPG,2.5018929690644913e-05
LOC100271831,2.49324773146831e-05
EREG,2.4758042001178362e-05
CCDC83,2.4757315477744196e-05
DNASE2B,2.469994702853553e-05
EIF4E1B,2.44766676504324e-05
MYOC,2.433545052188553e-05
FAM3B,2.4324541588371406e-05
ACMSD,2.4047103826645613e-05
DUOXA2,2.4044044018754715e-05
AADAC,2.4011882986443356e-05
HFM1,2.3870960352548343e-05
ADARB2,2.3730891703496234e-05
METTL11B,2.3606268267461523e-05
KLRC3,2.3553280244475683e-05
CHRNA2,2.353666283668719e-05
TMEM189-UBE2V1,2.338763727877214e-05
ANO3,2.327717137179725e-05
C8orf86,2.3193233224530244e-05
FMO9P,2.3120487110671835e-05
LOC285548,2.3049218499781764e-05
?|652919,2.2814842930232584e-05
LGALS9B,2.2765303590698726e-05
TIFAB,2.2632038207011474e-05
KCNT1,2.2481784483061123e-05
TPH1,2.2302549250828217e-05
GSG1L,2.214638405615202e-05
UMOD,2.214284736520664e-05
P2RX2,2.1957637969997973e-05
DTHD1,2.191926141621592e-05
GLYATL3,2.1813848384190664e-05
ABCC6P1,2.1793422780697363e-05
NLRP6,2.165317768954261e-05
OLFM3,2.1560017801960898e-05
B3GAT1,2.1430551711903406e-05
NPW,2.1422098253254426e-05
LRRN4,2.135591540742488e-05
DYDC1,2.0972260393652592e-05
LOC100124692,2.094506013224974e-05
GTSF1,2.0740293385432032e-05
TCERG1L,2.0588249019318966e-05
GJB6,2.0575021168561677e-05
PTPRQ,2.0311142139380394e-05
ZIM2,2.0098495169661276e-05
PTPRN,2.009207338165159e-05
PAX7,1.9969564553244497e-05
SPRR2A,1.9931657848792323e-05
NTSR1,1.9813585303941356e-05
ZAN,1.88256423453761e-05
CST9L,1.873062358204799e-05
CHGA,1.8713545305631693e-05
GDF1,1.8534737641527936e-05
ADCY8,1.852675703718579e-05
LOC729156,1.838132485544058e-05
LOC339535,1.789363724355306e-05
B3GALT5,1.757220342511938e-05
SEZ6,1.7009847980820554e-05
INE2,1.6959494044949727e-05
KIF19,1.68513144482693e-05
GLP1R,1.6703014685042495e-05
GTF2A1L,1.6627232749391316e-05
OLFM4,1.651891154947977e-05
IGFBPL1,1.644858038442706e-05
SLCO1A2,1.6201107327666885e-05
FOXN4,1.5937319177489363e-05
BEND4,1.5837344977513154e-05
DPP10,1.5497157139519764e-05
MUC13,1.5472864976221745e-05
SFRP5,1.543343013871533e-05
TBC1D3C,1.5418167255309626e-05
ATP12A,1.4096288340381165e-05
C2orf70,1.4019640844717947e-05
GATA4,1.3282474451384999e-05
LALBA,1.2184481766260857e-05
PCDH20,1.2113332730419037e-05
ODAM,1.207340016655235e-05
KCNA1,1.199924079719547e-05
PEG3AS,1.175721573112923e-05
DMRTA2,1.1519783072737355e-05
?|553137,1.1270081780871397e-05
KRTAP5-2,7.963675067785663e-06
MIA2,0.0
CACNG6,0.0
MT3,0.0
CSAG2,0.0
DIRAS2,0.0
CACNA1B,0.0
DMRTA1,0.0
EPHA8,0.0
SFTPB,0.0
SYT3,0.0
CHIT1,0.0
C14orf39,0.0
CHP2,0.0
SERPINB3,0.0
SPINLW1,0.0
C1orf65,0.0
C1orf158,0.0
FOLH1B,0.0
GATSL2,0.0
GBA3,0.0
GABRA5,0.0
SVOP,0.0
LRRTM4,0.0
CNTN5,0.0
C6orf176,0.0
MAT1A,0.0
SLC5A8,0.0
COL2A1,0.0
C9orf122,0.0
FAM92B,0.0
FREM2,0.0
FOXI3,0.0
MAGEA1,0.0
LYZL2,0.0
FGA,0.0
C2orf14,0.0
SPINK1,0.0
LPPR1,0.0
DDX25,0.0
CBWD5,0.0
MYH1,0.0
CAPNS2,0.0
UPF0639,0.0
VNN3,0.0
JSRP1,0.0
MUC7,0.0
ZNF98,0.0
ZMAT4,0.0
ZNF804B,0.0
ZNF648,0.0
ADAM29,0.0
IL1F5,0.0
ADAMTS20,0.0
UPK1B,0.0
MS4A1,0.0
CCL15,0.0
NAT2,0.0
CDH18,0.0
MORN5,0.0
SH3GL2,0.0
CD300E,0.0
PSG5,0.0
ESPNP,0.0
BFSP2,0.0
C12orf56,0.0
LINGO2,0.0
TBX20,0.0
BRDT,0.0
LOC100188947,0.0
LHX9,0.0
AQP6,0.0
DNER,0.0
NOTUM,0.0
NLRP7,0.0
CHRNB4,0.0
LGALS7B,0.0
LGI1,0.0
KRT6A,0.0
LGALS2,0.0
LDHC,0.0
HAR1B,0.0
ASCL4,0.0
BLK,0.0
OVCH2,0.0
PCDHA13,0.0
PCDHA8,0.0
TAGLN3,0.0
LOC391322,0.0
LOC389332,0.0
LOC284379,0.0
CTAG2,0.0
PCDP1,0.0
CPA5,0.0
TBC1D3G,0.0
LOC100240726,0.0
NXPH2,0.0
NR0B1,0.0
NRAP,0.0
ART4,0.0
CLEC4G,0.0
POTEC,0.0
HIST1H2BH,0.0
AQP2,0.0
HMX2,0.0
KLRC4,0.0
CHRNA9,0.0
CXorf59,0.0
CXCR1,0.0
PRB3,0.0
PAX3,0.0
RPRM,0.0
PNLIPRP3,0.0
ASCL1,0.0
KLF17,0.0
KLHL1,0.0
UCP1,0.0
UGT1A7,0.0
IFNG,0.0
RGPD8,0.0
RFX6,0.0
COX6B2,0.0
AKR1B10,0.0
AKAP14,0.0
AGXT2L1,0.0
AFP,0.0
IGFBP1,0.0
KIR3DL2,0.0
CYP4F3,0.0
RIMS1,0.0
UGT2B7,0.0
RGS7,0.0
CYP2C18,0.0
PLEKHG7,0.0
?|729884,0.0
